{
  "entrypoints": {
    "app": {
      "css": [
        "./app.css",
        "./app.rtl.css"
      ],
      "js": [
        "./app.js"
      ]
    },
    "form": {
      "js": [
        "./form.js"
      ]
    },
    "page-layout": {
      "js": [
        "./page-layout.js"
      ]
    },
    "page-color-scheme": {
      "js": [
        "./page-color-scheme.js"
      ]
    },
    "field-boolean": {
      "js": [
        "./field-boolean.js"
      ]
    },
    "field-code-editor": {
      "css": [
        "./field-code-editor.css",
        "./field-code-editor.rtl.css"
      ],
      "js": [
        "./field-code-editor.js"
      ]
    },
    "field-collection": {
      "js": [
        "./field-collection.js"
      ]
    },
    "field-file-upload": {
      "js": [
        "./field-file-upload.js"
      ]
    },
    "field-image": {
      "js": [
        "./field-image.js"
      ]
    },
    "field-slug": {
      "js": [
        "./field-slug.js"
      ]
    },
    "field-textarea": {
      "js": [
        "./field-textarea.js"
      ]
    },
    "field-text-editor": {
      "css": [
        "./field-text-editor.css",
        "./field-text-editor.rtl.css"
      ],
      "js": [
        "./field-text-editor.js"
      ]
    },
    "login": {
      "js": [
        "./login.js"
      ]
    }
  }
}